date,ticker,ml_datadate,ml_available_from,ml_bucket,ml_model,ml_score,ml_ensemble_score,z_ml_score,mom_20d,mom_60d,vol_20d,drawdown_60d,z_mom_20d,z_mom_60d,z_vol_20d,z_drawdown_60d,technical_score,z_technical_score,finrl_score,rank,selected,financials_available_as_of,latest_actual_year,business_quality_score,valuation_score,catalyst_score,risk_score,news_count,positive_catalysts,negative_catalysts,neutral_catalysts,catalyst_articles_used,risk_term_hits,risk_weighted_hits,news_start_date,news_end_date,top_news_titles,finrobot_score,finrobot_decision,finrobot_multiplier,finrobot_rationale,evidence_path,initial_weight,after_finrobot_raw_weight,after_finrobot_weight
2026-01-02,TSLA,2025-09-30,2025-12-01,cyclical,RF,0.2430436365000004,0.1896896357886146,3.7035993048749862,-0.019407223664055,0.0114987901554826,0.0239439013065967,-0.1649977572964753,0.0848685819687112,-0.215352488500423,1.3015573863333108,-0.48660113397436,-0.2853196595350962,-0.4206114659751721,2.053914996534923,1,1,2025-01-29,2024A,0.3985,0.2,0.6818,0.5745,355,11,9,335,355,69,77.6,2025-12-03,2026-01-02,Elon Musk gave nearly $100 million worth of Tesla shares to charity for 'tax planning' | Tesla publishes analyst forecasts suggesting sales set to fall | Is Tesla Warning Investors About What's to Come?,0.4231,reject,0.0,"quality=0.40, valuation=0.20, catalyst=0.68, risk=0.57",finrobot_outputs/TSLA/analysis,0.2,0.0,0.0
2026-01-02,GOOGL,2025-09-30,2025-12-01,growth_tech,Stacking,0.0701848040119471,0.085578750771809,0.2993308814528237,-0.0133712869739422,0.2831875056110702,0.0138212216249939,-0.0820118625073844,0.2381991225211475,1.9398985938870976,-0.2926091471353987,0.8449337240279887,0.902628901342052,1.3306340896510822,0.7118521647321272,2,1,2025-02-04,2024A,0.8717,0.95,0.86,0.7805,354,31,7,316,354,40,51.1,2025-12-03,2026-01-02,"Google's 2026 Test: Slowing EPS Will Put Cloud Growth In The Spotlight | Alphabet Isn't Dead, It's Our Top 2026 Pick | MrBeast Warns YouTube Won't Be Easy To Beat When It Comes To 'Competing On Revenue' For Elon Musk's X: 'They're The Best Platform'",0.8798,strong_keep,1.2,"quality=0.87, valuation=0.95, catalyst=0.86, risk=0.78",finrobot_outputs/GOOGL/analysis,0.2,0.24,0.2857142857142857
2026-01-02,AMAT,2025-09-30,2025-12-01,growth_tech,Stacking,0.0506727669886239,0.0629257916240102,-0.0849376604496226,0.0008934763486971,0.2733836525406039,0.0203647943693521,-0.097692096866545,0.6005660563386785,1.8621266300929495,0.7379030301226006,0.5933394177433855,0.8406192303239522,1.2392209053158023,0.4447257658565474,3,1,2025-12-12,2025A,0.7019,0.68,0.9462,0.25,49,11,0,38,49,19,18.7,2025-12-03,2026-01-02,NVDA vs. AMAT: Which Semiconductor Stock Is the Better Buy Now? | AI boom seen lifting chipmaking equipment sales 9% to $126 billion in 2026 | What Is Going On With AMAT Stock?,0.7001,keep,1.0,"quality=0.70, valuation=0.68, catalyst=0.95, risk=0.25",finrobot_outputs/AMAT/analysis,0.2,0.2,0.23809523809523808
2026-01-02,AMD,2025-09-30,2025-12-01,growth_tech,Stacking,0.0750588132744299,0.1126243668211562,0.3953192413700653,0.0269760797451221,0.0565458230082864,0.0248017563313198,-0.2505201427224757,1.263140878294602,0.1419964214517184,1.4366563733601347,-1.8588347843272064,0.1535731643892013,0.2263939117039444,0.3277491095036169,4,1,2025-02-05,2024A,0.61,0.4,0.8515,0.6031,163,25,6,132,163,31,33.2,2025-12-03,2026-01-02,Advanced Micro Devices Is the Most Compelling AI Trade for 2026 | AMD: Let's Talk About This Pick In '26 | AMD: Ultimate Gift For 2026 (Rating Upgrade),0.6051,keep,1.0,"quality=0.61, valuation=0.40, catalyst=0.85, risk=0.60",finrobot_outputs/AMD/analysis,0.2,0.2,0.23809523809523808
2026-01-02,CSCO,2025-09-30,2025-12-01,growth_tech,Stacking,0.0560773929112482,0.0492385571467366,0.021500622766658,-0.0167601090064198,0.1080866853989541,0.0101424241914807,-0.0529595225133587,0.1521130780921275,0.5508595546458955,-0.8719632249470038,1.3110876831664309,0.5155493274216081,0.7600105746048077,0.3169046035019179,5,1,2025-09-03,2025A,0.6592,0.77,0.9,0.25,38,5,0,33,38,15,14.9,2025-12-03,2026-01-02,Cisco's AI-Push Aids Networking Revenue: Is There More Upside Ahead? | Fortinet vs. Cisco: Which Cybersecurity Leader Has the Edge Now? | Why Is Cisco (CSCO) Up 2.4% Since Last Earnings Report?,0.6941,keep,1.0,"quality=0.66, valuation=0.77, catalyst=0.90, risk=0.25",finrobot_outputs/CSCO/analysis,0.2,0.2,0.23809523809523808
2026-01-09,TSLA,2025-09-30,2025-12-01,cyclical,RF,0.2430436365000004,0.1896896357886146,3.7035993048749862,-0.0142651506640184,0.0367393996133473,0.0254722658016565,-0.1649977572964752,-0.0848000286693329,-0.1350167476925067,1.2006458941705809,-0.4322987011491636,-0.3045026274006139,-0.4205920445559878,2.053922765102597,1,1,2025-01-29,2024A,0.4185,0.2,0.6394,0.5218,395,15,16,364,395,88,91.9,2025-12-10,2026-01-09,"Tesla's Story Has Faded, Gordon Johnson Says—Here's The 'Generous' Valuation Musk Probably Won't Retweet | Tesla stock: what's driving the spike in January options volume? | Should You Forget Tesla and Buy 3 Artificial Intelligence (AI) Stocks Instead?",0.4184,reject,0.0,"quality=0.42, valuation=0.20, catalyst=0.64, risk=0.52",finrobot_outputs/TSLA/analysis,0.2,0.0,0.0
2026-01-09,GOOGL,2025-09-30,2025-12-01,growth_tech,Stacking,0.0701848040119471,0.085578750771809,0.2993308814528237,0.0261078885978984,0.3395189289235027,0.0136849804207841,-0.0820118625073844,0.5809864407435483,1.838091352354668,-0.4141443110577347,0.9646944491312592,1.034317641193339,1.4286437366515674,0.7510560235323213,2,1,2025-02-04,2024A,0.8797,1.0,0.9263,0.7929,338,33,3,302,338,41,44.4,2025-12-10,2026-01-09,"Alphabet vs. Meta Platforms: Is One the Better Long-Term Play? | Google Claims Apple's Spot on Most-Valuable-Companies List | Exclusive: Big Tech spared strict rules in EU digital rule overhaul, sources say",0.9104,strong_keep,1.2,"quality=0.88, valuation=1.00, catalyst=0.93, risk=0.79",finrobot_outputs/GOOGL/analysis,0.2,0.24,0.30769230769230765
2026-01-09,AMAT,2025-09-30,2025-12-01,growth_tech,Stacking,0.0506727669886239,0.0629257916240102,-0.0849376604496226,0.0946029954411407,0.3830622815412499,0.0305336029395876,-0.0976920968665451,1.7105302202290036,2.121848123986605,1.8940199299729197,0.7007317594451222,1.2128291179354873,1.675211418581321,0.6191219711627548,3,1,2025-12-12,2025A,0.7299,0.73,0.8727,0.25,50,8,1,41,50,22,21.5,2025-12-10,2026-01-09,Analyzing Applied Materials (NASDAQ:AMAT) & Valens Semiconductor (NYSE:VLN) | Financial Contrast: Coda Octopus Group (NASDAQ:CODA) & Applied Materials (NASDAQ:AMAT) | NVDA vs. AMAT: Which Semiconductor Stock Is the Better Buy Now?,0.7105,keep,1.0,"quality=0.73, valuation=0.73, catalyst=0.87, risk=0.25",finrobot_outputs/AMAT/analysis,0.2,0.2,0.25641025641025644
2026-01-09,AMZN,2025-09-30,2025-12-01,cyclical,RF,0.0385132606496605,0.0184007402994992,-0.3244060340254743,0.0673052298976413,0.143213667824644,0.0147542086560183,-0.1451181126391793,1.260366366421478,0.5588387501773702,-0.26766620133015,-0.0976427034421641,0.7301257689859768,1.0084809204513474,0.2087487477652543,4,1,2025-02-06,2024A,0.5872,0.59,0.832,0.5479,327,37,11,279,327,69,73.3,2025-12-10,2026-01-09,"Exclusive: Big Tech spared strict rules in EU digital rule overhaul, sources say | Infosys Turns To AWS To Make GenAI Stick | Amazon vs. Nike: Which 1 Will Dominate the Next Decade?",0.6329,keep,1.0,"quality=0.59, valuation=0.59, catalyst=0.83, risk=0.55",finrobot_outputs/AMZN/analysis,0.2,0.2,0.25641025641025644
2026-01-09,TXN,2025-09-30,2025-12-01,growth_tech,Stacking,0.0562034950349235,0.0315455030255329,0.0239840681976806,0.0475588365522503,0.1038787149570303,0.0229691748604345,-0.1445554827637787,0.9347311962828988,0.3025066451143506,0.8577368524297265,-0.0881713338307944,0.3422921430556438,0.4727885388450795,0.2035058564566401,5,1,2025-02-14,2024A,0.6209,0.48,0.5333,0.25,32,0,1,31,32,14,14.3,2025-12-10,2026-01-09,"Texas Instruments to webcast Q4 2025 and 2025 earnings conference call | Texas Instruments Ahead Of Earnings: I See Stability, Not Urgency | Intel, AMD And Texas Instruments Sued Over Chips Allegedly Ending Up In Russian Weapons",0.5311,reduce,0.7,"quality=0.62, valuation=0.48, catalyst=0.53, risk=0.25",finrobot_outputs/TXN/analysis,0.2,0.13999999999999999,0.17948717948717946
2026-01-16,TSLA,2025-09-30,2025-12-01,cyclical,RF,0.2430436365000004,0.1896896357886146,3.7035993048749862,-0.063690470281316,-0.011522833333,0.0197203026505386,-0.164997757296475,-0.6961868199099588,-0.1492093984829614,0.6857971533327134,-0.3386316086894319,-0.4674307513018703,-0.6454577638335437,1.9639764773915744,1,1,2025-01-29,2024A,0.4185,0.2,0.5722,0.4383,389,13,21,355,389,97,103.8,2025-12-17,2026-01-16,"BLBD or TSLA: Which Is the Better Value Stock Right Now? | TSLA, PLTR and SCMI Forecast – Major Tech Somewhat Sideways | Tesla to End One-Time FSD Purchase: Why the Shift Matters",0.3966,reject,0.0,"quality=0.42, valuation=0.20, catalyst=0.57, risk=0.44",finrobot_outputs/TSLA/analysis,0.2,0.0,0.0
2026-01-16,AMAT,2025-09-30,2025-12-01,growth_tech,Stacking,0.0506727669886239,0.0629257916240102,-0.0849376604496226,0.3171547749476995,0.4497833104292561,0.0279051259825386,-0.0976920968665453,2.627777820784247,2.6448296660492705,2.1153065034377327,0.8994909251118557,1.7494546284264691,2.4157569206719707,0.9153401719990149,2,1,2025-12-12,2025A,0.7059,0.8,0.86,0.25,44,7,1,36,44,19,19.0,2025-12-17,2026-01-16,Applied Materials FY25 HBM Revenues Hit $1.5B: A New Growth Driver? | Analyzing Applied Materials (NASDAQ:AMAT) & Valens Semiconductor (NYSE:VLN) | Financial Contrast: Coda Octopus Group (NASDAQ:CODA) & Applied Materials (NASDAQ:AMAT),0.7147,keep,1.0,"quality=0.71, valuation=0.80, catalyst=0.86, risk=0.25",finrobot_outputs/AMAT/analysis,0.2,0.2,0.25641025641025644
2026-01-16,GOOGL,2025-09-30,2025-12-01,growth_tech,Stacking,0.0701848040119471,0.085578750771809,0.2993308814528237,0.11215962485286,0.3184374603080866,0.0093521115970567,-0.0820118625073845,0.8386084955395524,1.8492941173359263,-1.1250453601129384,1.1879369691941903,1.2702468402197549,1.7540366839822572,0.8812132024645972,3,1,2025-02-04,2024A,0.8877,1.0,0.9167,0.7662,339,36,4,299,339,43,48.9,2025-12-17,2026-01-16,Publishers seek to join lawsuit against Google over AI training | Siri to Get Smarter With Gemini: The ETF Playbook for Investors | 2 Leading Tech Stocks to Buy in 2026,0.9094,strong_keep,1.2,"quality=0.89, valuation=1.00, catalyst=0.92, risk=0.77",finrobot_outputs/GOOGL/analysis,0.2,0.24,0.30769230769230765
2026-01-16,COST,2025-09-30,2025-12-01,defensive,RF,0.049668911551537,0.0389478532666549,-0.1047075114717953,0.1170346798354611,0.0293048529013715,0.0125354113574715,-0.0989514817398367,0.8811573013513772,0.0980757326513197,-0.5690704065780405,0.876323887148179,0.5597823766700368,0.7729826933134916,0.2463685704423194,4,1,2025-10-07,2025A,0.4813,0.6,0.86,0.388,110,11,2,97,110,30,31.1,2025-12-17,2026-01-16,Read This Before Buying Costco Stock for the Long Term​ | MoneyShow's Best Investment Ideas For 2026: Part 3 | Costco: The Retail Media Transformation Everyone Is Missing,0.5774,reduce,0.7,"quality=0.48, valuation=0.60, catalyst=0.86, risk=0.39",finrobot_outputs/COST/analysis,0.2,0.13999999999999999,0.17948717948717946
2026-01-16,AMD,2025-09-30,2025-12-01,growth_tech,Stacking,0.0750588132744299,0.1126243668211562,0.3953192413700653,0.1702084756792494,-0.0260471242281981,0.0253289651405292,-0.2505201427224759,1.3452508391083218,-0.2371801239860833,1.6653705840356643,-1.9118602474694812,0.0140956798959017,0.0194642008468257,0.2449772251607694,5,1,2025-02-05,2024A,0.63,0.4,0.8895,0.7071,239,31,5,203,239,38,38.2,2025-12-17,2026-01-16,White House Signals Trump's 25% 'National Security Levy' On Chips Is Just A 'Phase One' Measure | 5 AI Chip Stocks Most Exposed to Trump's New 25% Tariff | Why Advanced Micro Devices Stock Popped Today,0.6321,keep,1.0,"quality=0.63, valuation=0.40, catalyst=0.89, risk=0.71",finrobot_outputs/AMD/analysis,0.2,0.2,0.25641025641025644
2026-01-23,TSLA,2025-09-30,2025-12-01,cyclical,RF,0.2430436365000004,0.1896896357886146,3.7035993048749862,-0.0751709370284265,-0.0074267622329163,0.0230908384899133,-0.1649977572964753,-0.6379146306932555,-0.001761165850358,0.8898002644002456,-0.1833623445654873,-0.4075885344415131,-0.5466507128342206,2.003499297791304,1,1,2025-01-29,2024A,0.4185,0.2,0.597,0.4671,380,13,18,349,380,91,97.1,2025-12-24,2026-01-23,"Tesla: Clear Skies In 2026, But A Storm Could Cut Valuation In 2027 | Tesla Needs 20M FSD Subscribers Annually To Justify Its Valuation | Tesla Gears Up to Report Q4 Earnings: Here's What to Expect",0.4044,reject,0.0,"quality=0.42, valuation=0.20, catalyst=0.60, risk=0.47",finrobot_outputs/TSLA/analysis,0.2,0.0,0.0
2026-01-23,AMAT,2025-09-30,2025-12-01,growth_tech,Stacking,0.0506727669886239,0.0629257916240102,-0.0849376604496226,0.2388272543193612,0.3963253023090289,0.0302326856502807,-0.0976920968665451,2.270213935192212,2.677895768305063,2.0778839082694005,0.9229424951845444,1.6259607562617011,2.1807105238345965,0.821321613264065,2,1,2025-12-12,2025A,0.7059,0.8,0.8,0.25,43,4,1,38,43,16,16.1,2025-12-24,2026-01-23,"Can AMAT Lead the Display Market With Advanced OLED and AR/VR Push? | Applied Materials to Report Fiscal First Quarter 2026 Results on Feb. 12, 2026 | Applied Materials FY25 HBM Revenues Hit $1.5B: A New Growth Driver?",0.7027,keep,1.0,"quality=0.71, valuation=0.80, catalyst=0.80, risk=0.25",finrobot_outputs/AMAT/analysis,0.2,0.2,0.25641025641025644
2026-01-23,GOOGL,2025-09-30,2025-12-01,growth_tech,Stacking,0.0701848040119471,0.085578750771809,0.2993308814528237,0.0432002137297047,0.2186449522372435,0.0110592856842519,-0.0820118625073846,0.4583927187818075,1.4986513162099862,-1.111711498282032,1.1806789032243028,0.9927096632509532,1.3314050793826306,0.7121605606247465,3,1,2025-02-04,2024A,0.8877,1.0,0.9023,0.6981,337,36,5,296,337,51,57.4,2025-12-24,2026-01-23,Judge Orders Google to Face Consumer Antitrust Lawsuit Over Search | MAI Capital Management's Chris Grisanti explains why he is ‘happy to hold' Alphabet | Alphabet: Q4 Earnings Surprises May Not Be Just About AI,0.8997,strong_keep,1.2,"quality=0.89, valuation=1.00, catalyst=0.90, risk=0.70",finrobot_outputs/GOOGL/analysis,0.2,0.24,0.30769230769230765
2026-01-23,AMD,2025-09-30,2025-12-01,growth_tech,Stacking,0.0750588132744299,0.1126243668211562,0.3953192413700653,0.2083759890699068,3.8430498443542405e-05,0.0274064268743402,-0.2505201427224757,1.9881862140796152,0.0477844766966092,1.607720972877784,-1.5890959529928368,0.4119313112447079,0.5524751701840803,0.4581816128956713,4,1,2025-02-05,2024A,0.63,0.4,0.9106,0.6806,249,40,5,204,249,42,42.3,2025-12-24,2026-01-23,4 Top Artificial Intelligence Stocks to Buy Right Now | AMD Rides on Expanding Enterprise Partner Base: More Upside to Come? | AMD's stock is on a hot streak not seen in six years,0.6337,keep,1.0,"quality=0.63, valuation=0.40, catalyst=0.91, risk=0.68",finrobot_outputs/AMD/analysis,0.2,0.2,0.25641025641025644
2026-01-23,COST,2025-09-30,2025-12-01,defensive,RF,0.049668911551537,0.0389478532666549,-0.1047075114717953,0.150282538952396,0.0589246630817401,0.0124965948075362,-0.0964560005319539,1.4501473768098418,0.4386057636345154,-0.8726076050995709,0.9432602418438938,0.9587881329453422,1.2859101079713315,0.4515395363054555,5,1,2025-10-07,2025A,0.4813,0.6,0.8833,0.3811,109,14,2,93,109,30,31.1,2025-12-24,2026-01-23,"Costco: Strong Start To 2026 Likely Short-Lived | Costco Stock Rallies on December Sales: Buy, Hold or Take Profits? | Costco Switches Food Court Back to Coke After Decade With Pepsi",0.5814,reduce,0.7,"quality=0.48, valuation=0.60, catalyst=0.88, risk=0.38",finrobot_outputs/COST/analysis,0.2,0.13999999999999999,0.17948717948717946
2026-01-30,TSLA,2025-09-30,2025-12-01,cyclical,RF,0.2430436365000004,0.1896896357886146,3.7035993048749862,-0.0429378224365815,-0.0810470180643839,0.0250530155197558,-0.1536131102673451,-0.3779391022969188,-0.4460036533724259,0.555129044660333,-0.1058152589424043,-0.401127802192407,-0.506936179716824,2.0193851110382623,1,1,2026-01-28,2025A,0.4137,0.2,0.7333,0.662,363,12,7,344,363,58,67.9,2025-12-31,2026-01-30,Elon Musk's Cryptic Post From Last Year Resurfaces Amid SpaceX–Tesla Merger Talks | Tesla: SpaceX Merger Rumors Aren't Enough To Keep Me Bullish (Rating Downgrade) | Tesla CEO Elon Musk doubles down on robots,0.449,reject,0.0,"quality=0.41, valuation=0.20, catalyst=0.73, risk=0.66",finrobot_outputs/TSLA/analysis,0.2,0.0,0.0
2026-01-30,TXN,2025-09-30,2025-12-01,growth_tech,Stacking,0.0562034950349235,0.0315455030255329,0.0239840681976806,0.250544398871003,0.3437194093087194,0.031609974111587,-0.0626032488304717,1.9752879039496969,2.0757665909947756,1.4382424143882149,1.3701008962073895,1.437907195890557,1.8171943622158828,0.7412681858049616,2,1,2025-02-14,2024A,0.6009,0.4,0.9417,0.3437,63,10,0,53,63,18,19.0,2025-12-31,2026-01-30,Texas Instruments Q4 2025 Update | How Texas Instruments Stock Jumped 9.9% Wednesday | Texas Instruments Surges on Strong Q1 Guidance Despite EPS Miss,0.5931,reduce,0.7,"quality=0.60, valuation=0.40, catalyst=0.94, risk=0.34",finrobot_outputs/TXN/analysis,0.2,0.13999999999999999,0.17073170731707316
2026-01-30,GOOGL,2025-09-30,2025-12-01,growth_tech,Stacking,0.0701848040119471,0.085578750771809,0.2993308814528237,0.0798722315926296,0.1920946533102463,0.011340379373545,-0.0820118625073847,0.6067881308980997,1.1755947004076466,-1.2917351905384744,1.0553494393590963,0.953468620018597,1.2049719243351142,0.66158729860574,3,1,2025-02-04,2024A,0.8397,0.93,0.9236,0.6018,344,48,5,291,344,63,71.9,2025-12-31,2026-01-30,"AAPL Earnings ""Well Enough,"" Google Gemini Partnership Real ""Tectonic Shift"" | iPhone Sales, Siri & Google Gemini: AAPL Earnings Preview & Options Trade | Decoding Google Stock's Recent Volatility",0.8553,strong_keep,1.2,"quality=0.84, valuation=0.93, catalyst=0.92, risk=0.60",finrobot_outputs/GOOGL/analysis,0.2,0.24,0.2926829268292683
2026-01-30,AMAT,2025-09-30,2025-12-01,growth_tech,Stacking,0.0506727669886239,0.0629257916240102,-0.0849376604496226,0.2542122348823663,0.358595773418271,0.0339913365089928,-0.0976920968665451,2.004697694832321,2.1640851819621525,1.758972359813873,0.8010614881212853,1.3755691864597297,1.7384130058020562,0.6444026060510489,4,1,2025-12-12,2025A,0.7099,0.73,0.6,0.2535,46,2,3,41,46,16,16.0,2025-12-31,2026-01-30,"Applied Materials: When Chip Complexity Becomes The Real Alpha | Can AMAT Lead the Display Market With Advanced OLED and AR/VR Push? | Applied Materials to Report Fiscal First Quarter 2026 Results on Feb. 12, 2026",0.6473,keep,1.0,"quality=0.71, valuation=0.73, catalyst=0.60, risk=0.25",finrobot_outputs/AMAT/analysis,0.2,0.2,0.24390243902439027
2026-01-30,META,2025-09-30,2025-12-01,growth_tech,Stacking,0.077378588850919,0.0850697387242993,0.4410047214279822,0.0854580602782077,0.1244677779145522,0.0309874112902115,-0.1021758635650595,0.6515769527102158,0.7741047729972758,1.3543935470585944,0.7283477887289361,0.4012431984472372,0.5070820148752387,0.4674356388068848,5,1,2026-01-28,2025A,0.8573,0.74,0.8788,0.543,349,42,8,299,349,73,79.7,2025-12-31,2026-01-30,Cramer says Microsoft and Meta's earnings offer a clear lesson: Don't give up on the tech giants | Meta's AI reset drives stock higher following earnings | Buy Meta Stock After Strong Q4 Results & CapEx Hike?,0.8008,strong_keep,1.2,"quality=0.86, valuation=0.74, catalyst=0.88, risk=0.54",finrobot_outputs/META/analysis,0.2,0.24,0.2926829268292683
2026-02-06,TSLA,2025-09-30,2025-12-01,cyclical,RF,0.2430436365000004,0.1896896357886146,3.7035993048749862,-0.0566544358260411,-0.0766346041210895,0.0250428966281087,-0.1891688015515198,-0.2680959060808179,-0.3333907304857859,0.0563325652072627,-0.2092712799250386,-0.2533021308759455,-0.2976148793255169,2.103113631194785,1,1,2026-01-28,2025A,0.4257,0.2,0.7667,0.6378,391,15,7,369,391,68,75.4,2026-01-07,2026-02-06,"Tesla Shareholders Are The Only Ones Not Invited To Musk's New $1.25T Empire | Backed by OpenAI, Tesla, and SpaceX Investors, Midas Is Building Mathematical Infrastructure to Secure AI Systems | Will Tesla and SpaceX Merge? How to Bet on Another Musk Megamerger.",0.4587,reduce,0.7,"quality=0.43, valuation=0.20, catalyst=0.77, risk=0.64",finrobot_outputs/TSLA/analysis,0.2,0.13999999999999999,0.14893617021276592
2026-02-06,TXN,2025-09-30,2025-12-01,growth_tech,Stacking,0.0562034950349235,0.0315455030255329,0.0239840681976806,0.1827296677019869,0.3880022894126775,0.0265600416368692,-0.0598442765926211,1.319891346020268,1.990523277737991,0.2062567306135852,1.312514873677758,1.3249526633921418,1.556740267694768,0.6370865479965157,2,1,2025-02-14,2024A,0.6209,0.4,0.8923,0.5126,68,10,1,57,68,15,16.3,2026-01-07,2026-02-06,Texas Instruments to acquire Silicon Labs in $7.5B all-cash deal | Texas Instruments to acquire Silicon Labs in $7.5B all-cash deal | Texas Instruments to Acquire Silicon Labs in Deal Valued at $7.5 Billion,0.6091,keep,1.0,"quality=0.62, valuation=0.40, catalyst=0.89, risk=0.51",finrobot_outputs/TXN/analysis,0.2,0.2,0.2127659574468085
2026-02-06,CSCO,2025-09-30,2025-12-01,growth_tech,Stacking,0.0560773929112482,0.0492385571467366,0.021500622766658,0.1468362000236676,0.1828809333471543,0.0170189645013901,-0.0810903739181285,1.0817871099125436,0.9645944301143492,-0.7365918556153233,1.0625080266521825,0.9870624755125564,1.1597394720705545,0.4767961624882165,3,1,2025-09-03,2025A,0.6592,0.92,0.825,0.25,66,8,2,56,66,25,25.8,2026-01-07,2026-02-06,"Cisco Systems, Inc. (CSCO) Presents at Second Annual AI Summit Prepared Remarks Transcript | CRWD vs. CSCO: Which Cybersecurity Stock Has an Edge Right Now? | DELL vs. CSCO: Which AI Infrastructure Stock Is the Better Buy Now?",0.7166,keep,1.0,"quality=0.66, valuation=0.92, catalyst=0.82, risk=0.25",finrobot_outputs/CSCO/analysis,0.2,0.2,0.2127659574468085
2026-02-06,GOOGL,2025-09-30,2025-12-01,growth_tech,Stacking,0.0701848040119471,0.085578750771809,0.2993308814528237,-0.0079277317277053,0.1136545490935521,0.013376431332331,-0.0820118625073845,0.0551393622794276,0.6183538143894667,-1.0965467328239336,1.0516646960752605,0.5081280594792005,0.5970201299959628,0.4184065808700793,4,1,2026-02-04,2025A,0.8582,0.6,0.9152,0.6665,368,57,7,304,368,61,66.4,2026-01-07,2026-02-06,"RDDT Takes Big Steps as ""Baby"" META, Faces Double-Edged Sword in GOOGL | GOOGL ""Invented AI as We Know It,"" PLTR ""Really Expensive"" | Alphabet Crushes Earnings Again, Reports 48% Cloud Revenue Growth",0.7859,keep,1.0,"quality=0.86, valuation=0.60, catalyst=0.92, risk=0.67",finrobot_outputs/GOOGL/analysis,0.2,0.2,0.2127659574468085
2026-02-06,AMAT,2025-09-30,2025-12-01,growth_tech,Stacking,0.0506727669886239,0.0629257916240102,-0.0849376604496226,0.1451143308592857,0.374605088223797,0.0361844324950275,-0.1281420258010469,1.0703648548733562,1.923516236439474,1.1573383731867752,0.5088423366964642,0.9786601023947884,1.1498671853556937,0.4089842778725039,5,1,2025-12-12,2025A,0.7299,0.88,0.8091,0.25,63,7,2,54,63,22,22.2,2026-01-07,2026-02-06,Applied Materials (AMAT) Expected to Beat Earnings Estimates: Can the Stock Move Higher? | Will Applied Materials (AMAT) Beat Estimates Again in Its Next Earnings Report? | Applied Materials: Attractive Buy Ahead Of The Q1 2026 Report,0.7353,keep,1.0,"quality=0.73, valuation=0.88, catalyst=0.81, risk=0.25",finrobot_outputs/AMAT/analysis,0.2,0.2,0.2127659574468085
2026-02-13,TSLA,2025-09-30,2025-12-01,cyclical,RF,0.2430436365000004,0.1896896357886146,3.7035993048749862,-0.0481793203592051,0.0208353436708901,0.0255660218628804,-0.1891688015515196,-0.1272036029297735,0.1439400728804067,-0.064694267757358,-0.0780936568453923,0.0013923588152974,0.0016669762613834,2.222826373429545,1,1,2026-01-28,2025A,0.4257,0.2,0.7455,0.63,398,13,7,378,398,71,77.5,2026-01-14,2026-02-13,"Maye Musk Says She's A 'Proud Mom' As Elon Musk Tops List Of 'America's Greatest Innovators,' Beats Jeff Bezos And Jensen Huang | TSLA, PLTR and SCMI Forecast – Tech Stocks Look Pressured Early on Wednesday | I Predicted Tesla Would Be Unprofitable. I Was Dead Wrong.",0.4537,reduce,0.7,"quality=0.43, valuation=0.20, catalyst=0.75, risk=0.63",finrobot_outputs/TSLA/analysis,0.2,0.13999999999999999,0.15217391304347827
2026-02-13,TXN,2025-09-30,2025-12-01,growth_tech,Stacking,0.0562034950349235,0.0315455030255329,0.0239840681976806,0.2036601596762268,0.4687154214246287,0.0262501205274179,-0.0498905036830581,2.0313343499458103,2.175991538670246,0.0094192611820795,1.4487609736570335,1.7175939867013017,2.056358153565733,0.8369337023449016,2,1,2026-02-06,2025A,0.7634,0.55,0.9067,0.4555,82,12,1,69,82,20,21.3,2026-01-14,2026-02-13,My Top 8 Tech Picks For Income Amid The AI Correction | Texas Instruments Executes a $7.5B Deal and an AI Strategy Pivot | Texas Instruments to acquire Silicon Labs in $7.5B all-cash deal,0.7079,keep,1.0,"quality=0.76, valuation=0.55, catalyst=0.91, risk=0.46",finrobot_outputs/TXN/analysis,0.2,0.2,0.2173913043478261
2026-02-13,AMAT,2025-09-30,2025-12-01,growth_tech,Stacking,0.0506727669886239,0.0629257916240102,-0.0849376604496226,0.1122916931806854,0.5548322704929367,0.0370169806361224,-0.128142025801047,1.2482073255455073,2.5667074424811673,1.1758738087769642,0.590919510067684,1.2803414147768353,1.532865466466084,0.5621835903166601,3,1,2025-12-12,2025A,0.7259,0.93,0.825,0.25,89,11,3,75,89,30,31.2,2026-01-14,2026-02-13,"Applied Materials' stock jumps after earnings. The CEO just made a bold prediction for the chip sector. | Applied Materials, Inc. (AMAT) Q1 2026 Earnings Call Transcript | Applied Materials (AMAT) Q1 Earnings: Taking a Look at Key Metrics Versus Estimates",0.7492,keep,1.0,"quality=0.73, valuation=0.93, catalyst=0.82, risk=0.25",finrobot_outputs/AMAT/analysis,0.2,0.2,0.2173913043478261
2026-02-13,META,2025-09-30,2025-12-01,growth_tech,Stacking,0.077378588850919,0.0850697387242993,0.4410047214279822,0.0305573852697067,0.0635899981547423,0.0324932814505345,-0.1334669521400698,0.5476555071687993,0.3379198068060128,0.6857876152436873,0.5325443822678031,0.2877204311898514,0.3444680519410735,0.4023900536332187,4,1,2026-01-28,2025A,0.8853,0.87,0.9188,0.5228,353,60,7,286,353,76,83.6,2026-01-14,2026-02-13,"Uh-Oh! Is Meta Platforms Following in Enron's Footsteps? | Daniel Newman on Futurum's ""AI 15,"" PLTR Upside Potential & ""Best Idea"" in META | Meta begins construction of $10 billion Indiana data center to boost AI capabilities",0.8519,strong_keep,1.2,"quality=0.89, valuation=0.87, catalyst=0.92, risk=0.52",finrobot_outputs/META/analysis,0.2,0.24,0.2608695652173913
2026-02-13,COST,2025-09-30,2025-12-01,defensive,RF,0.049668911551537,0.0389478532666549,-0.1047075114717953,0.0659748336097441,0.117557055102063,0.0136840639102111,-0.0783510351756712,0.8512215184440172,0.5827707002062416,-1.351955711510798,1.1367590683989963,0.8609276160163108,1.0307299260083675,0.3494674635202698,5,1,2025-10-07,2025A,0.4933,0.45,0.6706,0.2609,127,8,7,112,127,43,43.6,2026-01-14,2026-02-13,"Consumer Staples ETFs: Sector-Wide Defense or a Food-and-Beverage Tilt? VDC vs. PBJ | XLP Provides Broad Staples Exposure, While PBJ Focuses on a Specific Sub-Sector. Which ETF is Right for Average Investors? | Should You Buy Costco Stock Before March 5?",0.4947,reduce,0.7,"quality=0.49, valuation=0.45, catalyst=0.67, risk=0.26",finrobot_outputs/COST/analysis,0.2,0.13999999999999999,0.15217391304347827
2026-02-20,TSLA,2025-09-30,2025-12-01,cyclical,RF,0.2430436365000004,0.1896896357886146,3.7035993048749862,-0.0835409899659265,0.0530057306002222,0.0206738489299391,-0.18916880155152,-0.5128394797626977,0.1536852127540277,-0.5593280036918288,-0.0722815188190411,-0.0746749187692992,-0.0903200586862502,2.1860315594504915,1,1,2026-01-28,2025A,0.4057,0.2,0.7333,0.6198,395,12,7,376,395,72,78.4,2026-01-21,2026-02-20,"TSLA, PLTR and SMCI Forecasts – Tech Stocks Mixed Early on Thursday as Traders Uncertain | Tesla's Renaissance Has Come (Rating Upgrade) | The Energy Revolution System Explained: Tesla Patent Context, Consumer Disclosures, and What to Know Before Buying in 2026",0.4412,reject,0.0,"quality=0.41, valuation=0.20, catalyst=0.73, risk=0.62",finrobot_outputs/TSLA/analysis,0.2,0.0,0.0
2026-02-20,AMAT,2025-09-30,2025-12-01,growth_tech,Stacking,0.0506727669886239,0.0629257916240102,-0.0849376604496226,0.1789835407485349,0.6778187956813713,0.0356417953801829,-0.1281420258010469,1.6975891569258867,2.9441791642186974,1.2493375234148685,0.5889028479554281,1.5809880265302114,1.9122207789688883,0.7139257153177817,2,1,2025-12-12,2025A,0.7059,0.93,0.86,0.25,108,15,3,90,108,39,40.4,2026-01-21,2026-02-20,Earnings Estimates Moving Higher for Applied Materials (AMAT): Time to Buy? | Applied Materials (AMAT) Upgraded to Strong Buy: Here's Why | Is Applied Materials The New Sector King?,0.7472,keep,1.0,"quality=0.71, valuation=0.93, catalyst=0.86, risk=0.25",finrobot_outputs/AMAT/analysis,0.2,0.2,0.23809523809523808
2026-02-20,TXN,2025-09-30,2025-12-01,growth_tech,Stacking,0.0562034950349235,0.0315455030255329,0.0239840681976806,0.134233710888034,0.3874796452721105,0.0270079379923308,-0.0498905036830576,1.320800347356769,1.6474879002720837,0.2060574532146418,1.436705840403706,1.2177028700961114,1.4728237606696013,0.6035199451864489,3,1,2026-02-06,2025A,0.7314,0.47,0.8353,0.408,84,12,3,69,84,22,23.3,2026-01-21,2026-02-20,My Top 8 Tech Picks For Income Amid The AI Correction | Texas Instruments Executes a $7.5B Deal and an AI Strategy Pivot | Texas Instruments to acquire Silicon Labs in $7.5B all-cash deal,0.6545,keep,1.0,"quality=0.73, valuation=0.47, catalyst=0.84, risk=0.41",finrobot_outputs/TXN/analysis,0.2,0.2,0.23809523809523808
2026-02-20,META,2025-09-30,2025-12-01,growth_tech,Stacking,0.077378588850919,0.0850697387242993,0.4410047214279822,0.0123990573958328,0.1042401925280167,0.0293417342879317,-0.1341171192780348,0.2949655185608736,0.3825047815277519,0.488063867466207,0.5241666997906634,0.2310699708181979,0.2794814332427516,0.3763954061538899,4,1,2026-01-28,2025A,0.8733,0.87,0.8695,0.5399,345,47,10,288,345,73,78.9,2026-01-21,2026-02-20,"Yann LeCun Says LLMs Are 'Incredibly' Useful, But AI Still Can't Learn To Drive A Car Like A 17-Year Old: 'We're Missing Something Big' | Meta Slashes Employee Equity For Second Year As Mark Zuckerberg-Led Tech Giant Gears Up To Fund Mega $135 Billion 'Superintelligence' Infrastructure | First Look: Walmart beat, Meta trial, FDA eyes Moderna",0.8384,strong_keep,1.2,"quality=0.87, valuation=0.87, catalyst=0.87, risk=0.54",finrobot_outputs/META/analysis,0.2,0.24,0.2857142857142857
2026-02-20,GOOGL,2025-09-30,2025-12-01,growth_tech,Stacking,0.0701848040119471,0.085578750771809,0.2993308814528237,-0.0470745365923606,0.0518121827623407,0.015566432267043,-0.1212430620914378,-0.2057958195149171,0.1483546775771433,-1.1764873769871684,0.6636485132088076,0.2124437672149893,0.2569528542999179,0.2823796705916614,5,1,2026-02-04,2025A,0.8182,0.53,0.9234,0.688,369,56,6,307,369,61,61.8,2026-01-21,2026-02-20,"Zillow and Google bring home-buying guidance to NotebookLM | Alphabet Teams Up With Sea on AI for Shopee, Garena | Amazon vs. Alphabet: Which Is the Better AI Stock to Buy Now?",0.7542,keep,1.0,"quality=0.82, valuation=0.53, catalyst=0.92, risk=0.69",finrobot_outputs/GOOGL/analysis,0.2,0.2,0.23809523809523808
2026-02-27,TSLA,2025-09-30,2025-12-01,cyclical,RF,0.2430436365000004,0.1896896357886146,3.7035993048749862,-0.033728605423742,-0.0642349094291891,0.0213299466666945,-0.18916880155152,-0.0695096231497272,-0.2430594389800183,-0.4506398692930073,-0.0206957418983556,-0.0473482466987818,-0.0602944434211792,2.19804180555652,1,1,2026-01-28,2025A,0.4257,0.2,0.7136,0.5445,406,12,8,386,406,83,93.6,2026-01-28,2026-02-27,"Every ""Magnificent Seven"" Stock Is Underperforming the S&P 500 in 2026. Here's One to Buy and One to Avoid. | German union says settlement reached in dispute with Tesla | Palantir Billionaire Peter Thiel Dumped Nvidia, Tesla, Microsoft, and Apple. What Stocks Does He Own for 2026?",0.4387,reject,0.0,"quality=0.43, valuation=0.20, catalyst=0.71, risk=0.54",finrobot_outputs/TSLA/analysis,0.2,0.0,0.0
2026-02-27,AMAT,2025-09-30,2025-12-01,growth_tech,Stacking,0.0506727669886239,0.0629257916240102,-0.0849376604496226,0.0920615943089564,0.4632553899667155,0.0380926119417094,-0.128142025801047,1.1555386880485523,2.706111311443684,1.2151227157112845,0.6051908819431677,1.2876051150623344,1.6396686080657794,0.6049048469565382,2,1,2025-12-12,2025A,0.7259,0.93,0.8727,0.25,113,17,3,93,113,40,41.4,2026-01-28,2026-02-27,AI Spending Is Poised to Hit $700 Billion in 2026. 2 Top Stocks to Buy to Capitalize on This Massive Number. | Earnings Estimates Moving Higher for Applied Materials (AMAT): Time to Buy? | Applied Materials (AMAT) Upgraded to Strong Buy: Here's Why,0.7587,keep,1.0,"quality=0.73, valuation=0.93, catalyst=0.87, risk=0.25",finrobot_outputs/AMAT/analysis,0.2,0.2,0.25641025641025644
2026-02-27,TXN,2025-09-30,2025-12-01,growth_tech,Stacking,0.0562034950349235,0.0315455030255329,0.0239840681976806,-0.0250057101446006,0.2695914111944364,0.0166029416065047,-0.0637800277876022,0.0154410975994174,1.623346107495904,-0.920378305228166,1.2652833273484547,0.8389326551824037,1.0683178583965682,0.4417175842772357,3,1,2026-02-06,2025A,0.7634,0.55,0.825,0.3461,74,11,3,60,74,21,22.3,2026-01-28,2026-02-27,Why Is Texas Instruments (TXN) Down 1.1% Since Last Earnings Report? | My Top 8 Tech Picks For Income Amid The AI Correction | Texas Instruments Executes a $7.5B Deal and an AI Strategy Pivot,0.6806,keep,1.0,"quality=0.76, valuation=0.55, catalyst=0.82, risk=0.35",finrobot_outputs/TXN/analysis,0.2,0.2,0.25641025641025644
2026-02-27,COST,2025-09-30,2025-12-01,defensive,RF,0.049668911551537,0.0389478532666549,-0.1047075114717953,0.0622117050974226,0.109885212625242,0.0145085514317603,-0.0783510351756712,0.8648359429559263,0.7304370814511979,-1.1285049207903015,1.115844027828888,0.8824474965917238,1.1237307474952334,0.3866677921150162,4,1,2025-10-07,2025A,0.4933,0.45,0.65,0.25,116,7,7,102,116,43,43.3,2026-01-28,2026-02-27,Costco's 2x P/E Over Amazon Is Not Irrational (Rating Upgrade) | Where Will Costco Be in 5 Years? | Consumer Staples ETFs: Sector-Wide Defense or a Food-and-Beverage Tilt? VDC vs. PBJ,0.4895,reduce,0.7,"quality=0.49, valuation=0.45, catalyst=0.65, risk=0.25",finrobot_outputs/COST/analysis,0.2,0.13999999999999999,0.17948717948717946
2026-02-27,META,2025-09-30,2025-12-01,growth_tech,Stacking,0.077378588850919,0.0850697387242993,0.4410047214279822,-0.1220761198607692,0.0122312635499874,0.0170067481652043,-0.1368801227655884,-0.9299103029294904,0.1844589457282671,-0.8802506855432621,0.5155735305317374,-0.1238085342822395,-0.1576608889623714,0.2015384772718407,5,1,2026-01-28,2025A,0.8853,0.87,0.8174,0.5744,349,33,11,305,349,70,74.9,2026-01-28,2026-02-27,"Google Scores Major Win As Meta Reportedly Agrees To Multi-Year AI Chip Rental Deal, Challenging Nvidia's Dominance | Google signs multibillion-dollar AI chip deal with Meta, Information reports | Woman Suing Meta, YouTube Testifies It's ‘Too Hard to Be Without' Social Media",0.8368,strong_keep,1.2,"quality=0.89, valuation=0.87, catalyst=0.82, risk=0.57",finrobot_outputs/META/analysis,0.2,0.24,0.30769230769230765
2026-03-06,NFLX,2025-12-31,2026-03-01,growth_tech,Stacking,0.0654009384477764,0.0734972715633914,0.8196795119900585,0.2244341941394516,0.0230395258440514,0.03799317753401,-0.2155929962930651,2.83518242086312,0.5361556214825806,1.7630230986954651,-0.3147021436912163,1.0258037566907097,2.143212000039136,1.3490925072096895,1,1,2026-01-23,2025A,0.7625,0.66,0.72,0.9894,292,14,9,269,292,14,16.5,2026-02-04,2026-03-06,"Netflix Buys Ben Affleck's AI Company Shortly After Ditching Warner Bros. Acquisition | Netflix Acquires InterPositive, Ben Affleck's AI Filmmaking Company | Netflix Gets Back In The M&A Game, Acquiring Ben Affleck-Founded AI Firm InterPositive",0.7511,keep,1.0,"quality=0.76, valuation=0.66, catalyst=0.72, risk=0.99",finrobot_outputs/NFLX/analysis,0.2,0.2,0.2127659574468085
2026-03-06,META,2025-12-31,2026-03-01,growth_tech,Stacking,0.0852794337558717,0.0890262086826096,1.8206407516847432,-0.0378240446370758,-0.032114653407429,0.0158589844975112,-0.1368801227655882,-0.6128317981232303,0.1033032624572498,-0.7903088441450383,0.5150565512866259,-0.0389245956388363,-0.0813251656817418,1.0598543847381492,2,1,2026-01-28,2025A,0.8533,0.8,0.7156,0.5788,349,18,12,319,349,69,74.6,2026-02-04,2026-03-06,"Meta to Open Up WhatsApp to Rival AI Chatbots for a Fee Following EU Objections | Meta will allow rival AI chatbots on WhatsApp in Europe, but for a fee | AMD Shares Rise on Meta AI Deal, Chip Demand",0.785,keep,1.0,"quality=0.85, valuation=0.80, catalyst=0.72, risk=0.58",finrobot_outputs/META/analysis,0.2,0.2,0.2127659574468085
2026-03-06,ISRG,2025-12-31,2026-03-01,defensive,RF,0.082257447572457,0.0506139720082004,1.6684717374002926,0.0290560886065616,-0.1353525534118166,0.0153344397241589,-0.1965589492460507,0.2664681295646969,-0.7069121947244628,-0.8508187042985895,-0.1140530588580436,-0.024614516568699,-0.0514271145344459,0.9805121966263972,3,1,2026-02-03,2025A,0.7301,0.2,0.8,0.3054,44,4,1,39,44,14,13.9,2026-02-04,2026-03-06,Can Digital Subscriptions Become ISRG's New Revenue Stream in 2026? | Will ISRG's R&D Focus Following Solid Earnings Growth Drive Demand? | Can Intuitive Surgical Sustain Robust Top-line Growth in 2026?,0.5691,reduce,0.7,"quality=0.73, valuation=0.20, catalyst=0.80, risk=0.31",finrobot_outputs/ISRG/analysis,0.2,0.13999999999999999,0.14893617021276592
2026-03-06,AMAT,2025-12-31,2026-03-01,growth_tech,Stacking,0.0509808336413558,0.012428836859274,0.0935699267397076,0.0695911520820333,0.2125036548033403,0.0377031991294158,-0.1777693880304338,0.799398861819161,2.0230782134547263,1.7295720882175465,0.0840187570315665,0.7768029819073431,1.6229746300217265,0.7053318080525152,4,1,2025-12-12,2025A,0.6539,0.86,0.895,0.2693,105,16,2,87,105,34,35.5,2026-02-04,2026-03-06,"AMAT Climbs 33.4% in 3 Months: Time to Buy, Sell or Hold the Stock? | NeoMagic (OTCMKTS:NMGC) vs. Applied Materials (NASDAQ:AMAT) Financial Comparison | AI Spending Is Poised to Hit $700 Billion in 2026. 2 Top Stocks to Buy to Capitalize on This Massive Number.",0.7152,keep,1.0,"quality=0.65, valuation=0.86, catalyst=0.90, risk=0.27",finrobot_outputs/AMAT/analysis,0.2,0.2,0.2127659574468085
2026-03-06,GOOGL,2025-12-31,2026-03-01,growth_tech,Stacking,0.0785743041074396,0.0756372014050388,1.483010826421994,-0.0988075337492362,-0.0484509205231006,0.0147429507702485,-0.1314266287735543,-1.414606181124798,-0.0249044609583167,-0.9190510377460436,0.5725450389394101,-0.3794468742294824,-0.7927784324455016,0.5726951228749956,5,1,2026-02-04,2025A,0.7502,0.48,0.9082,0.744,359,52,7,300,359,52,52.5,2026-02-04,2026-03-06,"AVGO Catching Up to NVDA? GOOGL Partnership & Earnings Growth Back Bulls | Google lowering fees on Android app store following settlement with Epic Games | Google's AI chatbot allegedly told user to stage 'mass casualty attack,' wrongful death suit claims",0.7136,keep,1.0,"quality=0.75, valuation=0.48, catalyst=0.91, risk=0.74",finrobot_outputs/GOOGL/analysis,0.2,0.2,0.2127659574468085
2026-03-13,NFLX,2025-12-31,2026-03-01,growth_tech,Stacking,0.0654009384477764,0.0734972715633914,0.8196795119900585,0.2563933138907477,0.0164231734100335,0.035584877713602,-0.1997046114815984,3.3172274003225333,0.4028091237815475,1.884120926988746,-0.1847420841667226,1.1667818059875708,2.011823533831073,1.2965371207264642,1,1,2026-01-23,2025A,0.7745,0.66,0.7577,0.9922,292,16,8,268,292,14,16.0,2026-02-11,2026-03-13,Link: Netflix simpler story without Warner Bros. Discovery deal | Netflix Has No Rivals | Netflix's AI Drive Followed by This TV Group. It Just Struck a Deal With Google.,0.7643,keep,1.0,"quality=0.77, valuation=0.66, catalyst=0.76, risk=0.99",finrobot_outputs/NFLX/analysis,0.2,0.2,0.2
2026-03-13,GOOGL,2025-12-31,2026-03-01,growth_tech,Stacking,0.0785743041074396,0.0756372014050388,1.483010826421994,-0.021058906885412,-0.0185815456954409,0.0146892058093705,-0.1314266287735538,-0.1933790918272067,0.1772711501058004,-0.7127177381934022,0.5312054007245979,0.1447214666076175,0.2495359894006217,0.989620891613445,2,1,2026-02-04,2025A,0.7622,0.48,0.8971,0.7476,279,28,4,247,279,39,41.1,2026-02-11,2026-03-13,"If I Had $5,000 to Invest in Artificial Intelligence (AI), I'd Put It in This Stock | AI's Next Steps & GOOGL, META, AMZN ""Early Monetizers"" Leading Momentum | Alphabet Spins Off Fiber Control, Keeps a Seat at the Table",0.7172,keep,1.0,"quality=0.76, valuation=0.48, catalyst=0.90, risk=0.75",finrobot_outputs/GOOGL/analysis,0.2,0.2,0.2
2026-03-13,META,2025-12-31,2026-03-01,growth_tech,Stacking,0.0852794337558717,0.0890262086826096,1.8206407516847432,-0.055554751263939,-0.0522000137928054,0.016704310420488,-0.1687637962976216,-0.6298554512114235,-0.0393351066082139,-0.4622878122010693,0.1396963062610808,-0.1823966653411757,-0.3144974509737914,0.9665854706213296,3,1,2026-01-28,2025A,0.8773,0.8,0.65,0.6881,346,15,15,316,346,56,58.7,2026-02-11,2026-03-13,"AI's Next Steps & GOOGL, META, AMZN ""Early Monetizers"" Leading Momentum | I Thought the ‘Magnificent Seven’ Trade Was Toast Until I Saw What Meta Is Doing With Its AI Chips | Meta rolls out in-house AI chips weeks after massive Nvidia, AMD deals",0.7936,keep,1.0,"quality=0.88, valuation=0.80, catalyst=0.65, risk=0.69",finrobot_outputs/META/analysis,0.2,0.2,0.2
2026-03-13,ISRG,2025-12-31,2026-03-01,defensive,RF,0.082257447572457,0.0506139720082004,1.6684717374002926,-0.013455918009356,-0.1561338519081557,0.0145262414341217,-0.2035759077236113,-0.097178376499151,-0.7089884517542764,-0.7329703624034712,-0.2253356210260326,-0.1996053164557397,-0.3441694677297134,0.8634152553482901,4,1,2026-02-03,2025A,0.7301,0.2,0.9417,0.4284,40,10,0,30,40,10,10.9,2026-02-11,2026-03-13,"Intuitive Surgical Stock: Buy, Sell, or Hold? | Intuitive Surgical Poised for Growth in 2026 on da Vinci 5 Momentum | Can Digital Subscriptions Become ISRG's New Revenue Stream in 2026?",0.6097,keep,1.0,"quality=0.73, valuation=0.20, catalyst=0.94, risk=0.43",finrobot_outputs/ISRG/analysis,0.2,0.2,0.2
2026-03-13,CSCO,2025-12-31,2026-03-01,growth_tech,Stacking,0.0590826365815586,0.070124973416022,0.5015279028891857,0.0443999541801416,0.0063788508154087,0.0151385265711066,-0.1357455048233353,0.634872713051503,0.33809281629994,-0.6568777760953567,0.4859186432259154,0.5194051016624751,0.8955842487036687,0.6591504412149789,5,1,2025-09-03,2025A,0.5672,0.86,0.8056,0.3222,90,12,4,74,90,28,27.5,2026-02-11,2026-03-13,Cisco Q2: The Valuation Makes No Sense | Cisco: The Only Undervalued 'Full-Stack' AI Play | Cisco's Networking Revenue Growth Picks Up: More Upside Ahead?,0.6636,keep,1.0,"quality=0.57, valuation=0.86, catalyst=0.81, risk=0.32",finrobot_outputs/CSCO/analysis,0.2,0.2,0.2
2026-03-20,NFLX,2025-12-31,2026-03-01,growth_tech,Stacking,0.0654009384477764,0.0734972715633914,0.8196795119900585,0.1671539574418068,-0.0151239258965929,0.0367456123357612,-0.1969937585464234,2.515827303105101,0.3383977520564589,2.1161912640422336,-0.071036236358286,0.8002378212196375,1.704653814873955,1.1736692331436172,1,1,2026-01-23,2025A,0.7625,0.66,0.776,0.9546,272,16,7,249,272,17,19.0,2026-02-18,2026-03-20,"Crashing 51%, 3 Reasons to Buy This Netflix Rival in March and Hold for 5 Years | AMZN, NFLX and AAPL Forecasts – Big Three Sluggish Ahead of Fed | Netflix vs. Disney: Which Streaming Giant Is the Better Buy for 2026 and Beyond?",0.7588,keep,1.0,"quality=0.76, valuation=0.66, catalyst=0.78, risk=0.95",finrobot_outputs/NFLX/analysis,0.2,0.2,0.2127659574468085
2026-03-20,GOOGL,2025-12-31,2026-03-01,growth_tech,Stacking,0.0785743041074396,0.0756372014050388,1.483010826421994,-0.0437110553767479,-0.0276586620503502,0.0127230097346528,-0.1314266287735539,-0.0984600612387062,0.2604802059296428,-0.9334404644689828,0.648176402566537,0.2566177575068936,0.5466430449785783,1.1084637138446276,2,1,2026-02-04,2025A,0.7502,0.48,0.85,0.7022,269,21,5,243,269,42,44.3,2026-02-18,2026-03-20,Google expands utility deals to curb data‑center power use during peak demand | GOOGL's Wiz Buyout Expands Cloud Security Portfolio: What's Ahead? | Google Sits Pretty as A.I. Rivals Compete for Pentagon Favor,0.6978,keep,1.0,"quality=0.75, valuation=0.48, catalyst=0.85, risk=0.70",finrobot_outputs/GOOGL/analysis,0.2,0.2,0.2127659574468085
2026-03-20,META,2025-12-31,2026-03-01,growth_tech,Stacking,0.0852794337558717,0.0890262086826096,1.8206407516847432,-0.0937860332443131,-0.1017864951109293,0.0175133257040695,-0.1952320028515344,-0.7192855844449546,-0.2003080213556403,-0.3253173642161701,-0.0517113556314458,-0.314195572183175,-0.6692943854143982,0.8246666968450866,3,1,2026-01-28,2025A,0.8533,0.8,0.6862,0.6523,378,15,12,351,378,67,68.7,2026-02-18,2026-03-20,Meta on trial over child safety: can it really protect its next generation of users? | Meta is having trouble with rogue AI agents | China Ramps Up Scrutiny of Meta's Acquisition of Manus,0.7865,keep,1.0,"quality=0.85, valuation=0.80, catalyst=0.69, risk=0.65",finrobot_outputs/META/analysis,0.2,0.2,0.2127659574468085
2026-03-20,ISRG,2025-12-31,2026-03-01,defensive,RF,0.082257447572457,0.0506139720082004,1.6684717374002926,-0.0517408733337328,-0.1756722019676977,0.0141887901069163,-0.2035759077236116,-0.1980130944438415,-0.6595911607457734,-0.7473619448136049,-0.1432365125625563,-0.2122815035727722,-0.4521986655679267,0.8202035762130049,4,1,2026-02-03,2025A,0.7301,0.2,0.9462,0.2807,45,11,0,34,45,14,14.9,2026-02-18,2026-03-20,"2 Stocks That Could Create Lasting Generational Wealth | Intuitive Surgical Stock: Buy, Sell, or Hold? | Intuitive Surgical Poised for Growth in 2026 on da Vinci 5 Momentum",0.5959,reduce,0.7,"quality=0.73, valuation=0.20, catalyst=0.95, risk=0.28",finrobot_outputs/ISRG/analysis,0.2,0.13999999999999999,0.14893617021276592
2026-03-20,AMAT,2025-12-31,2026-03-01,growth_tech,Stacking,0.0509808336413558,0.012428836859274,0.0935699267397076,-0.0488038976128681,0.3802760707391159,0.0310477379304897,-0.1777693880304336,-0.16160070713591,2.796255428396204,1.392855043570174,0.1398378753859602,0.7191046480873771,1.5318252263901608,0.668872046599889,5,1,2025-12-12,2025A,0.6539,0.86,0.86,0.25,71,7,1,63,71,31,31.9,2026-02-18,2026-03-20,"Applied Materials Raises Quarterly Cash Dividend by 15 Percent | AMAT Climbs 33.4% in 3 Months: Time to Buy, Sell or Hold the Stock? | NeoMagic (OTCMKTS:NMGC) vs. Applied Materials (NASDAQ:AMAT) Financial Comparison",0.7063,keep,1.0,"quality=0.65, valuation=0.86, catalyst=0.86, risk=0.25",finrobot_outputs/AMAT/analysis,0.2,0.2,0.2127659574468085
2026-03-27,CSCO,2025-12-31,2026-03-01,growth_tech,Stacking,0.0590826365815586,0.070124973416022,0.5015279028891857,0.0057890595963838,0.0379492180028309,0.0162882990038066,-0.1357455048233351,1.58471820410081,0.769917347481956,-0.3794623084031373,0.7442013764589516,1.0346978371653743,1.6357424872345296,0.9552137366273232,1,1,2025-09-03,2025A,0.5872,0.85,0.7667,0.25,45,3,1,41,45,19,18.6,2026-02-25,2026-03-27,Cisco Expands AI Agentic Security Portfolio: Will the Tech Deliver? | Cisco Bets on New Portfolio to Reignite Security Growth: What's Ahead? | Cisco is Overvalued at 4.95X PS: Should You Still Buy the Stock?,0.6551,keep,1.0,"quality=0.59, valuation=0.85, catalyst=0.77, risk=0.25",finrobot_outputs/CSCO/analysis,0.2,0.2,0.2
2026-03-27,NFLX,2025-12-31,2026-03-01,growth_tech,Stacking,0.0654009384477764,0.0734972715633914,0.8196795119900585,-0.0291978140166979,-0.0037321228265825,0.0134807555383413,-0.1909129812078149,0.8720662150958184,0.5215270037035764,-0.7509649358019478,0.1418814680010081,0.6581938245049721,1.0405314140094148,0.9080202727978012,2,1,2026-01-23,2025A,0.7945,0.66,0.8185,0.7603,272,19,6,247,272,37,38.6,2026-02-25,2026-03-27,"Netflix is raising prices again, and stream-flation shows no signs of slowing | The Best Stocks to Invest $1,000 in Right Now | Netflix Raises Prices Across U.S. Subscription Tiers",0.7623,keep,1.0,"quality=0.79, valuation=0.66, catalyst=0.82, risk=0.76",finrobot_outputs/NFLX/analysis,0.2,0.2,0.2
2026-03-27,ISRG,2025-12-31,2026-03-01,defensive,RF,0.082257447572457,0.0506139720082004,1.6684717374002926,-0.1009910530421935,-0.2095070118535872,0.0136170393916746,-0.2364678716318959,-0.5902992181362557,-0.7047410195723648,-0.7329314448843071,-0.3554879827749453,-0.4083881256496784,-0.6456163185160735,0.7428365150337461,3,1,2026-02-03,2025A,0.7701,0.2,0.9417,0.25,52,10,0,42,52,19,19.9,2026-02-25,2026-03-27,"ISRG's Margins Contract in Q4: Will Tariffs Continue to Hurt in 2026? | 2 Stocks That Could Create Lasting Generational Wealth | Intuitive Surgical Stock: Buy, Sell, or Hold?",0.6099,keep,1.0,"quality=0.77, valuation=0.20, catalyst=0.94, risk=0.25",finrobot_outputs/ISRG/analysis,0.2,0.2,0.2
2026-03-27,GOOGL,2025-12-31,2026-03-01,growth_tech,Stacking,0.0785743041074396,0.0756372014050388,1.483010826421994,-0.1194088376369413,-0.1252729030048935,0.0161278013831135,-0.2012188078455234,-0.9654533679373049,-0.2027672625278773,-0.4006998381198358,0.0293621909953565,-0.3941086942421679,-0.6230421216753751,0.6405896471830462,4,1,2026-02-04,2025A,0.7902,0.48,0.8409,0.7722,263,16,4,243,263,33,37.2,2026-02-25,2026-03-27,"Microsoft, Meta, and Alphabet Stocks Are All Getting Hammered. But I Think Only 1 Is Worth Buying | Meta, Google face ‘Big Tobacco'-like reckoning after landmark verdicts on social media addiction | 'FOUND NEGLIGENT': Bombshell verdict ROCKS Meta and Google",0.721,keep,1.0,"quality=0.79, valuation=0.48, catalyst=0.84, risk=0.77",finrobot_outputs/GOOGL/analysis,0.2,0.2,0.2
2026-03-27,AMAT,2025-12-31,2026-03-01,growth_tech,Stacking,0.0509808336413558,0.012428836859274,0.0935699267397076,-0.0943593218293891,0.2985749086222213,0.0338760912098784,-0.1777693880304338,-0.4552166585564119,2.3230560805993137,1.9478074543170336,0.285383552168045,0.3673502018564443,0.580739913902736,0.288437921604919,5,1,2025-12-12,2025A,0.6579,0.81,0.8833,0.25,59,4,0,55,59,27,27.9,2026-02-25,2026-03-27,"Can HBM and Packaging Demand Accelerate AMAT's Revenue Growth? | Applied Materials Raises Quarterly Cash Dividend by 15 Percent | AMAT Climbs 33.4% in 3 Months: Time to Buy, Sell or Hold the Stock?",0.7002,keep,1.0,"quality=0.66, valuation=0.81, catalyst=0.88, risk=0.25",finrobot_outputs/AMAT/analysis,0.2,0.2,0.2
2026-04-02,GOOGL,2025-12-31,2026-03-01,growth_tech,Stacking,0.0785743041074396,0.0756372014050388,1.483010826421994,-0.0162915258366066,-0.0584138010833915,0.021915692297175,-0.2036645805550897,0.4780572082281322,0.0495486405946967,0.2077168299515429,0.0031177781581634,0.1777191608224817,0.2229400077884249,0.9789824989685664,1,1,2026-02-04,2025A,0.7622,0.48,0.7565,0.6815,273,14,7,252,273,43,48.2,2026-03-03,2026-04-02,"Got $10,000? This Is Exactly How I'd Split It Across These 5 AI Stocks Right Now | Nvidia At A Discount? Tech Valuations Look Attractive And Mark Gibbens Says It's 'A Great Time to Get In' On PLTR, NVDA And GOOGL | Future shares flop on profit warning as Google search changes hit ad revenues",0.6824,keep,1.0,"quality=0.76, valuation=0.48, catalyst=0.76, risk=0.68",finrobot_outputs/GOOGL/analysis,0.2,0.2,0.2127659574468085
2026-04-02,NFLX,2025-12-31,2026-03-01,growth_tech,Stacking,0.0654009384477764,0.0734972715633914,0.8196795119900585,-0.0051426289830832,0.088361853297308,0.0170806396472395,-0.1638928931599738,0.6795804474867254,1.011097313833684,-0.4371614220661195,0.4538252968666681,0.7366729818330644,0.924120278012306,0.8614558183989576,2,1,2026-01-23,2025A,0.7745,0.66,0.8333,0.3372,202,15,4,183,202,59,60.9,2026-03-03,2026-04-02,"Netflix faces key quarter after strategic reset, says Bank of America | 4 Broadcast Radio & TV Stocks to Watch From a Challenging Industry | AMZN, AAPL and NFLX Forecasts – Streamers Trying to Jump",0.7139,keep,1.0,"quality=0.77, valuation=0.66, catalyst=0.83, risk=0.34",finrobot_outputs/NFLX/analysis,0.2,0.2,0.2127659574468085
2026-04-02,ISRG,2025-12-31,2026-03-01,defensive,RF,0.082257447572457,0.0506139720082004,1.6684717374002926,-0.0898530376202408,-0.2374630582089174,0.0152050374466396,-0.2367163752742236,-0.8516128330470465,-1.1234291012515332,-0.687321069990426,-0.3714374233531771,-0.667890900493609,-0.8378365161570537,0.665948435977354,3,1,2026-02-03,2025A,0.7301,0.2,0.9364,0.25,46,9,0,37,46,17,17.7,2026-03-03,2026-04-02,"ISRG's Margins Contract in Q4: Will Tariffs Continue to Hurt in 2026? | 2 Stocks That Could Create Lasting Generational Wealth | Intuitive Surgical Stock: Buy, Sell, or Hold?",0.5908,reduce,0.7,"quality=0.73, valuation=0.20, catalyst=0.94, risk=0.25",finrobot_outputs/ISRG/analysis,0.2,0.13999999999999999,0.14893617021276592
2026-04-02,CSCO,2025-12-31,2026-03-01,growth_tech,Stacking,0.0590826365815586,0.070124973416022,0.5015279028891857,-0.0070218725741334,0.0560703933477197,0.0178587690844588,-0.1357455048233352,0.6456119516974134,0.7995512600791495,-0.3333779087006304,0.7728019454885459,0.6653746025606168,0.8346799432912861,0.6347887190500259,4,1,2025-09-03,2025A,0.5672,0.86,0.8,0.25,42,4,1,37,42,19,18.6,2026-03-03,2026-04-02,Cisco Expands AI Agentic Security Portfolio: Will the Tech Deliver? | Cisco Bets on New Portfolio to Reignite Security Growth: What's Ahead? | Cisco is Overvalued at 4.95X PS: Should You Still Buy the Stock?,0.6552,keep,1.0,"quality=0.57, valuation=0.86, catalyst=0.80, risk=0.25",finrobot_outputs/CSCO/analysis,0.2,0.2,0.2127659574468085
2026-04-02,META,2025-12-31,2026-03-01,growth_tech,Stacking,0.0852794337558717,0.0890262086826096,1.8206407516847432,-0.1296125471065344,-0.1296783834869611,0.0299321321269804,-0.2873317605654019,-1.5702906760910849,-0.4173160104144388,1.2769146400144142,-0.9450297501364596,-1.0602170450972956,-1.3299905041050102,0.5603882493688419,5,1,2026-01-28,2025A,0.8773,0.8,0.62,0.6184,418,15,18,385,418,77,82.8,2026-03-03,2026-04-02,WhatsApp Whistle-Blower Suit Is Dismissed | Meta: Time To Go Bear Hunting In Value Valley | Meta was finally held accountable for harming teens. Now what?,0.7806,keep,1.0,"quality=0.88, valuation=0.80, catalyst=0.62, risk=0.62",finrobot_outputs/META/analysis,0.2,0.2,0.2127659574468085
2026-04-10,NFLX,2025-12-31,2026-03-01,growth_tech,Stacking,0.0654009384477764,0.0734972715633914,0.8196795119900585,0.0922490171016228,0.1405004703751504,0.016609980300621,-0.1433088876799797,0.6883717347318441,0.9479332625392948,-0.6052559331784925,0.6700895470284147,0.7649226804611061,1.0030363691459596,0.8930222548524189,1,1,2026-01-23,2025A,0.7625,0.66,0.8833,0.25,263,19,3,241,263,96,97.1,2026-03-11,2026-04-10,"Netflix, big banks face a moment of truth as the Iran cease-fire rally meets earnings season | Netflix vs. Walt Disney: Consistency vs. | The Week Ahead: Netflix, Bank Earnings on Deck",0.7098,keep,1.0,"quality=0.76, valuation=0.66, catalyst=0.88, risk=0.25",finrobot_outputs/NFLX/analysis,0.2,0.2,0.2127659574468085
2026-04-10,GOOGL,2025-12-31,2026-03-01,growth_tech,Stacking,0.0785743041074396,0.0756372014050388,1.483010826421994,0.0450996639497258,-0.0550843848661447,0.0229213863906656,-0.20366458055509,0.2565075898323163,-0.1756735195834699,0.2276822214202716,-0.1513787219282148,-0.0081729013271501,-0.0107170534773935,0.8855196744622388,2,1,2026-02-04,2025A,0.7502,0.48,0.8174,0.6239,301,16,5,280,301,55,58.9,2026-03-11,2026-04-10,Alphabet vs. Microsoft: A Comparison of Recent Revenue Trends | DeepMind CEO Called It Wartime When ChatGPT Hit 100 Million Users and Google Went All In | William O'Neil Reinstates Alphabet With a Buy: Is the Search Giant's Self-Driving Future Finally Getting Its Due?,0.6835,keep,1.0,"quality=0.75, valuation=0.48, catalyst=0.82, risk=0.62",finrobot_outputs/GOOGL/analysis,0.2,0.2,0.2127659574468085
2026-04-10,META,2025-12-31,2026-03-01,growth_tech,Stacking,0.0852794337558717,0.0890262086826096,1.8206407516847432,-0.0121921160693355,-0.0010945767343011,0.03360303025795,-0.2873317605654021,-0.2682560375284625,0.1344901406222514,1.6373758148860962,-1.2901268707361762,-0.4348499251001291,-0.5702148741790432,0.8642985013392288,3,1,2026-01-28,2025A,0.8533,0.8,0.65,0.64,399,18,18,363,399,70,76.0,2026-03-11,2026-04-10,"Meta pulls ads aimed at recruiting plaintiffs for social media addiction lawsuits | S&P500 and Nasdaq 100: Meta Jump Drives US Stocks Today, Oil Shapes Forecast | Why CoreWeave's New $21 Billion Meta Deal Matters More Than the $3 Billion in New Debt",0.778,keep,1.0,"quality=0.85, valuation=0.80, catalyst=0.65, risk=0.64",finrobot_outputs/META/analysis,0.2,0.2,0.2127659574468085
2026-04-10,ISRG,2025-12-31,2026-03-01,defensive,RF,0.082257447572457,0.0506139720082004,1.6684717374002926,-0.0597784016383865,-0.197928181192129,0.0144528156539364,-0.1758358565573387,-0.7041222616103961,-0.9962905256294028,-0.8899444343366401,0.2273827940236945,-0.4741206440615839,-0.6217102218357556,0.7523989537058733,4,1,2026-02-03,2025A,0.7301,0.2,0.9364,0.25,52,9,0,43,52,22,22.7,2026-03-11,2026-04-10,"ISRG's Margins Contract in Q4: Will Tariffs Continue to Hurt in 2026? | 2 Stocks That Could Create Lasting Generational Wealth | Intuitive Surgical Stock: Buy, Sell, or Hold?",0.5908,reduce,0.7,"quality=0.73, valuation=0.20, catalyst=0.94, risk=0.25",finrobot_outputs/ISRG/analysis,0.2,0.13999999999999999,0.14893617021276592
2026-04-10,AMAT,2025-12-31,2026-03-01,growth_tech,Stacking,0.0509808336413558,0.012428836859274,0.0935699267397076,0.1844812857576276,0.3119960679670812,0.035226995423357,-0.1818711605766222,1.5331725044676747,1.9331507341107093,1.8516961309469584,0.1452395775485448,1.0266412968386285,1.3462256841117124,0.5946322296885095,5,1,2025-12-12,2025A,0.6539,0.86,0.9125,0.25,57,6,0,51,57,33,34.7,2026-03-11,2026-04-10,Forget NVIDIA: 2 AI Stocks Poised to Be Next Big Winners | Can HBM and Packaging Demand Accelerate AMAT's Revenue Growth? | Applied Materials Raises Quarterly Cash Dividend by 15 Percent,0.7168,keep,1.0,"quality=0.65, valuation=0.86, catalyst=0.91, risk=0.25",finrobot_outputs/AMAT/analysis,0.2,0.2,0.2127659574468085
2026-04-17,META,2025-12-31,2026-03-01,growth_tech,Stacking,0.0852794337558717,0.0890262086826096,1.8206407516847432,0.1349101268157002,0.1242813289740851,0.0329655325587836,-0.2873317605654023,0.3837315788473714,0.6054498503564445,1.28280659688593,-1.3504481692632826,0.0379342727044863,0.0521357995789162,1.1132387708424123,1,1,2026-01-28,2025A,0.8773,0.8,0.7053,0.6534,401,21,15,365,401,68,74.6,2026-03-18,2026-04-17,"Meta commits to 1 gigawatt of custom chips with Broadcom | Meta, Broadcom strike multi-year AI chip deal | Why Meta Platforms (META) is Poised to Beat Earnings Estimates Again",0.8012,strong_keep,1.2,"quality=0.88, valuation=0.80, catalyst=0.71, risk=0.65",finrobot_outputs/META/analysis,0.2,0.24,0.24489795918367346
2026-04-17,GOOGL,2025-12-31,2026-03-01,growth_tech,Stacking,0.0785743041074396,0.0756372014050388,1.483010826421994,0.112493039571798,0.0412342400161001,0.0238865404573646,-0.2036645805550896,0.1738280932285437,-0.0307051003409568,0.1302665444105607,-0.2171649405081025,0.0175279764596882,0.0240899588307697,0.8994424793855041,2,1,2026-02-04,2025A,0.7622,0.48,0.8515,0.5899,343,25,6,312,343,67,71.5,2026-03-18,2026-04-17,"NiSource signs long-term power deal with Alphabet, expands Amazon agreement | EU spells out how Google must share data with rivals | Will Alphabet (GOOG) Beat Estimates Again in Its Next Earnings Report?",0.6923,keep,1.0,"quality=0.76, valuation=0.48, catalyst=0.85, risk=0.59",finrobot_outputs/GOOGL/analysis,0.2,0.2,0.20408163265306123
2026-04-17,ISRG,2025-12-31,2026-03-01,defensive,RF,0.082257447572457,0.0506139720082004,1.6684717374002926,-0.0223365936371996,-0.1040310312061451,0.0161338425235799,-0.1478602953847193,-1.0886557284809415,-1.1434620026230395,-0.8539060139104563,0.5387116226610745,-0.6537169279577646,-0.8984501957597829,0.6417029641362624,3,1,2026-02-03,2025A,0.7301,0.2,0.8833,0.25,51,4,0,47,51,20,19.8,2026-03-18,2026-04-17,"Intuitive Surgical Pre-Q1 Analysis: Buy, Hold or Sell the Stock Now? | Seeking Clues to Intuitive Surgical (ISRG) Q1 Earnings? A Peek Into Wall Street Projections for Key Metrics | SurGenTec Secures FDA 510(k) Clearance for TiLink™ SI joint fusion- Now Navigation Compatible",0.5802,reduce,0.7,"quality=0.73, valuation=0.20, catalyst=0.88, risk=0.25",finrobot_outputs/ISRG/analysis,0.2,0.13999999999999999,0.14285714285714285
2026-04-17,CSCO,2025-12-31,2026-03-01,growth_tech,Stacking,0.0590826365815586,0.070124973416022,0.5015279028891857,0.1045390020892031,0.1767859338139106,0.0180202519816936,-0.1357455048233352,0.09935007678626,1.0076441322073575,-0.6144342276639873,0.7028080934804074,0.554861420484718,0.7625859611918363,0.6059511262102459,4,1,2025-09-03,2025A,0.5672,0.86,0.8,0.25,58,4,1,53,58,25,24.6,2026-03-18,2026-04-17,Cisco's AI Networking Surge Gathers Momentum: More Upside Ahead? | Cisco vs. IBM: Which Dividend Tech Stock Is the Better Buy? | Cisco Remains A Buy As AI Tailwinds Broaden,0.6552,keep,1.0,"quality=0.57, valuation=0.86, catalyst=0.80, risk=0.25",finrobot_outputs/CSCO/analysis,0.2,0.2,0.20408163265306123
2026-04-17,NFLX,2025-12-31,2026-03-01,growth_tech,Stacking,0.0654009384477764,0.0734972715633914,0.8196795119900585,0.0607150623994503,0.1399952772117603,0.0279128649850011,-0.1191361101836199,-0.3109975118341398,0.7258213900675732,0.6413915933727501,0.9277845822618562,0.1262082010102677,0.1734570087673961,0.5611905107009936,5,1,2026-01-23,2025A,0.7745,0.66,0.9588,0.25,342,31,1,310,342,121,122.0,2026-03-18,2026-04-17,"Netflix, Inc. (NFLX) Q1 2026 Earnings Call Transcript | Netflix's Failed Warner Deal ‘Built M&A Muscle' For Other Acquisitions | Netflix Investors Just Got Fantastic News From Co-CEOs Greg Peters and Ted Sarandos",0.7303,keep,1.0,"quality=0.77, valuation=0.66, catalyst=0.96, risk=0.25",finrobot_outputs/NFLX/analysis,0.2,0.2,0.20408163265306123
2026-04-24,META,2025-12-31,2026-03-01,growth_tech,Stacking,0.0852794337558717,0.0890262086826096,1.8206407516847432,0.2328415392221177,0.0102851906244749,0.0267880840277665,-0.2873317605654021,0.4098445333285652,-0.2561996518237341,0.2448546443528382,-1.9264096705478584,-0.1551012285145924,-0.2252131499929952,1.0022991910136478,1,1,2026-01-28,2025A,0.8813,1.0,0.7951,0.5972,380,28,11,341,380,75,77.0,2026-03-25,2026-04-24,Meta tracking employee keystrokes to train AI is probably legal. Experts say that doesn't make it ethical | Meta: Golden Buying Opportunity Before Earnings | Consumer watchdog group files suit alleging Meta profited on ads for scams,0.8653,strong_keep,1.2,"quality=0.88, valuation=1.00, catalyst=0.80, risk=0.60",finrobot_outputs/META/analysis,0.2,0.24,0.23076923076923075
2026-04-24,GOOGL,2025-12-31,2026-03-01,growth_tech,Stacking,0.0785743041074396,0.0756372014050388,1.483010826421994,0.2259717265928438,0.0256909461018914,0.0196317847302761,-0.2036645805550896,0.372397176943393,-0.1583052907461538,-0.5924212848441827,-0.5133386397794399,0.1310813477648867,0.1903353282123095,0.96594062713812,2,1,2026-02-04,2025A,0.7942,0.73,0.895,0.6315,383,33,5,345,383,69,73.8,2026-03-25,2026-04-24,"GOOGL Building AI Platform, from Google Gemini to AVGO Partnership | Alphabet set to report modest beat for Q1 driven by AI, Cloud growth | Alphabet: 4 Key Themes On Why This Earnings Report Is Critical",0.782,keep,1.0,"quality=0.79, valuation=0.73, catalyst=0.90, risk=0.63",finrobot_outputs/GOOGL/analysis,0.2,0.2,0.19230769230769232
2026-04-24,ISRG,2025-12-31,2026-03-01,defensive,RF,0.082257447572457,0.0506139720082004,1.6684717374002926,0.0291751441337664,-0.0762776386534804,0.0240451828910363,-0.1121662773027255,-0.7003412158514506,-0.8062546541671941,-0.0760605385485695,1.031993731581029,-0.4477171613587098,-0.6501031176940713,0.741041795362547,3,1,2026-02-03,2025A,0.7221,0.28,0.9462,0.3401,67,11,0,56,67,20,19.8,2026-03-25,2026-04-24,Is Innovation-Led Growth Driving ISRG's Revenues Above Procedures? | The Biggest Takeaway From ISRG Earnings | Intuitive Surgical Is A Buy Despite Soaring Post-Earnings,0.6182,keep,1.0,"quality=0.72, valuation=0.28, catalyst=0.95, risk=0.34",finrobot_outputs/ISRG/analysis,0.2,0.2,0.19230769230769232
2026-04-24,AMD,2025-12-31,2026-03-01,growth_tech,Stacking,0.042997717610379,0.0282379879955183,-0.3084116918458253,0.7068753509644967,0.3761572762488567,0.0369637436310726,-0.2428027500431416,2.993803375422154,2.0686986052481067,1.4353910508637318,-1.1743506817062035,1.5888221362055188,2.3070329068333533,0.7377661476258461,4,1,2026-02-03,2025A,0.7032,0.37,0.9391,0.4678,154,20,1,133,154,35,40.5,2026-03-25,2026-04-24,AMD: Why I'm Going From Very Bearish To Confidently Bullish | AMD's Gross Margin to Contract Sequentially: Is Growth Getting Harder? | AMD's Rally Isn't Hype,0.6435,keep,1.0,"quality=0.70, valuation=0.37, catalyst=0.94, risk=0.47",finrobot_outputs/AMD/analysis,0.2,0.2,0.19230769230769232
2026-04-24,TXN,2025-12-31,2026-03-01,growth_tech,Stacking,0.0503376708928014,0.0819699580222572,0.0611841262985528,0.4329146063353009,0.2904149282510124,0.0456496990963167,-0.1771716552915752,1.5004430476658814,1.5238572706673434,2.4516343815020396,-0.0658945499275918,0.7591926515818577,1.1023779124882829,0.4776616407744448,5,1,2026-02-06,2025A,0.7034,0.62,0.8385,0.565,64,9,2,53,64,13,14.0,2026-03-25,2026-04-24,"Texas Instruments' stock jumps 18%, heads for best day since 2000 as AI demand soars | Why Texas Instruments Rocketed Higher Today | Texas Instruments (TXN) Achieves Record Highs with Strong Q1 Results and Optimistic Q2 Outlook",0.6957,keep,1.0,"quality=0.70, valuation=0.62, catalyst=0.84, risk=0.56",finrobot_outputs/TXN/analysis,0.2,0.2,0.19230769230769232
